{"cameraMode":{"drawMode":0,"name":"Shaded","section":"Shading Mode"},"sceneLighting":false,"audioPlay":false,"sceneViewState":{"showFog":true,"showMaterialUpdate":false,"showSkybox":false,"showFlares":true,"showImageEffects":true,"showParticleSystems":true,"showVisualEffectGraphs":true,"m_FxEnabled":true},"in2DMode":false,"pivot":{"x":-0.03194618225097656,"y":0.07139241695404053,"z":-0.01599978655576706},"rotation":{"x":0.2541891932487488,"y":-0.647588312625885,"z":0.24333323538303376,"w":0.676598846912384},"size":1.7660253047943116,"orthographic":false}