{"cameraMode":{"drawMode":0,"name":"Shaded","section":"Shading Mode"},"sceneLighting":false,"audioPlay":false,"sceneViewState":{"showFog":true,"showMaterialUpdate":false,"showSkybox":false,"showFlares":true,"showImageEffects":true,"showParticleSystems":true,"showVisualEffectGraphs":true,"m_FxEnabled":true},"in2DMode":false,"pivot":{"x":-0.004680901765823364,"y":-0.22568732500076295,"z":-0.08777421712875366},"rotation":{"x":0.07327472418546677,"y":-0.8991031646728516,"z":0.16118541359901429,"w":0.40161463618278506},"size":1.1660254001617432,"orthographic":false}